1,manoj@gmail.com,manoj,indigo6E644,8F,chennai,delhi,18:00,05-05-2019
2,prasanth@gmail.com,prasanth,indigo6E644,9F,chennai,delhi,18:00,05-05-2019
3,manisharma@gmail.com,manisharma,indigo6E644,1E,chennai,delhi,18:00,05-05-2019
4,srinu@gmail.com,srinu,indigo6F644,1A,chennai,delhi,18:00,05-05-2019
5,akash@gmail.com,akash,delta,29F,chennai,delhi,18:00,05-05-2019
6,balashankar@gmail.com,balashankar,delta,30F,chennai,delhi,18:00,05-05-2019
7,harish@gmail.com,harish,indigo6F644,4A,chennai,delhi,18:00,05-05-2019
8,vijesh@gmail.com,vijesh,gofirstSG,5E,chennai,delhi,18:00,05-05-2019
9,bavesh@gmail.com,bavesh,indigo6E644,4F,chennai,delhi,18:00,05-05-2019
10,karthik@gmail.com,karthik,delta,3F,chennai,delhi,18:00,05-05-2019
11,keerthi@gmail.com,keerthi,indigo6R644,8G,chennai,delhi,18:00,05-05-2019
12,saichandana@gmail.com,saichandana,indigo6R644,9G,chennai,delhi,18:00,05-05-2019
13,teja@gmail.com,teja,delta,31F,chennai,mumbai,15:00,05-05-2019
14,deepak@gmail.com,deepak,delta,6A,chennai,mumbai,15:00,05-05-2919
15,sarfaraz@gmail.com,sarfaraz,delta,5A,chennai,mumbai,15:00,05-05-2019
16,ravi@gmail.com,ravi,delta,4A,chennai,mumbai,15:00,05-05-2019
17,vignesh@gmail.com,vignesh,delta,2A,chennai,mumbai,15:00,05-05-2019
18,subhash@gmail.com,subhash,delta,1A,chennai,mumbai,15:00,05-05-2019
19,gouri@gmail.com,gouri,delta,13A,chennai,mumbai,15:00,05-05-2019
20,vinod@gmail.com,vinod,delta,12A,chennai,mumbai,15:00,05-05-2019
21,bhagath@gmail.com,bhagath,delta,11A,chennai,mumbai,15:00,05-05-2019
22,sravanthi,sravanthi,delta,17A,chennai,mumbai,15:00,05-05-2019
23,grishma@gmail.com,grishma,delta,18A,chennai,mumbai,15:00,05-05-2019
24,rajesh@gmail.com,rajesh,delta,7A,chennai,mumbai,15:00,05-05-2019
25,ameesh@gmail.com,ameesh,delta,3A,chennai,mumbai,15:00,05-05-2019
26,punith@gmail.com,punith,delta,8A,chennai,mumbai,15:00,05-05-2019
27,srinuyeeruva@gmail.com,srinuyeeruva,delta,9A,chennai,mumbai,15:00,05-05-2019
28,varun@gmail.com,varun,delta,10A,chennai,mumbai,15:00,05-05-2019
29,jayanth@gmail.com,jayanth,delta,14A,chennai,mumbai,15:00,05-05-2019
30,sadik@gmail.com,sadik,delta,15A,chennai,mumbai,15:00,05-05-2019
31,gopinath@gmail.com,gopinath,delta,16A,chennai,mumbai,15:00,05-05-2019
32,sisindri@gmail.com,sisindri,delta,18A,chennai,mumbai,15:00,05-05-2019
33,charan@gmail.com,charan,delta,19A,chennai,mumbai,15:00,05-05-2019
34,pawan@gmail.com,pawan,delta,20A,chennai,mumbai,15:00,05-05-2019
35,vishal@gmail.com,vishal,delta,1B,chennai,mumbai,15:00,05-05-2019
36,kiran@gmail.com,kiran,delta,2B,chennai,mumbai,15:00,05-05-2019
37,tharun@gmail.com,tharun,delta,3B,chennai,mumbai,15:00,05-05-2019
38,prakash@gmail.com,prakash,delta,4B,chennai,mumbai,15:00,05-05-2019
39,varma@gmail.com,varma,delta,5B,chennai,mumbai,15:00,05-05-2019
40,manikanta@gmail.com,manikanta,delta,6B,chennai,mumbai,15:00,05-05-2019
41,sanaith@gmail.com,sanaith,indigo6E644,2A,chennai,delhi,18:00,05-05-2019
42,maadhav@gmail.com,maadhav,indigo6E644,1F,chennai,delhi,18:00,05-05-2019
43,mohan@gmail.com,mohan,indigo6E644,2A,chennai,delhi,18:00,05-05-2019
44,vihari@gmail.com,vihari,indigo6E644,5A,chennai,delhi,18:00,05-05-2019
45,deelip@gmail.com,deelip,indigo6E644,10F,chennai,delhi,18:00,05-05-2019
46,venkatsai@gmail.com,venkatsai,indigo6E644,11A,chennai,delhi,18:00,05-05-2019
47,ajay@gmail.com,ajay,indigo6E644,4B,chennai,delhi,18:00,05-05-2019
48,nikhil@gmail.com,nikhil,indigo6E644,1G,chennai,delhi,18:00,05-05-2019
49,surendra@gmail.com,surendra,indigo6E644,2G,chennai,delhi,18:00,05-05-2019
50,saikumar@gmail.com,saikumar,indigo6E644,3G,chennai,delhi,18:00,05-05-2019
51,sudeep@gmail.com,sudeep,indigo6E644,4G,chennai,delhi,18:00,05-05-2019
52,kaif@gmail.com,kaif,gofirstSG,1E,chennai,vizag,12:00,05-05-2019
53,majahar@gmail.com,majahar,gofirstSG,2E,chennai ,vizag,12:00,05-05-2019
54,sharuk@gmail.com,sharukh,gofirstSG,3E,chennai,vizag,12:00,05-05-2019
55,nihal@gmail.com,nihal,gofirstSG,4E,chennai,vizag,12:00,05-05-2019
56,absal@gmail.com,absal,gofirstSG,5E,chennai,vizag,12:00,05-05-2019
57,yaseen@gmail.com,yaseen,gofirstSG,6E,chennai,vizag,12:00,05-05-2019
58,srinivas@gmail.com,srinivas,gofirstSG,7E,chennai,vizag,12:00,05-05-2019
59,subbu@gmail.com,subbu,gofirstSG,8E,chennai,vizag,12:00,05-05-2019
60,prasad@gmail.com,prasad,gofirstSG,9E,chennai,vizag,12:00,05-05-2019
